Workbook
Name CompletedHrs: _Calc!$B$25
Name DailyEnergy: Dashboard!$H$20:$H$26
Name DailyMins: Dashboard!$G$20:$G$26
Name DailyMode: Dashboard!$I$20:$I$26
Name DayNames: _Lists!$G$2:$G$8
Name DeferKey: 'Topic Planner'!$U$2:$U$86
Name FamilyKey: 'Topic Planner'!$V$2:$V$86
Name FamilyTaskTemplates: _Lists!$D$2:$D$4
Name HighPriRem: _Calc!$B$23
Name LowEnergyTasks: _Lists!$B$2:$B$7
Name NormalTaskTemplates: _Lists!$C$2:$C$4
Name OverallDone: _Calc!$B$2
Name OverallRem: _Calc!$B$3
Name PlanAutoTask: _PlanEngine!$O$2:$O$8
Name PlanAvailMins: _PlanEngine!$E$2:$E$8
Name PlanDate: _PlanEngine!$B$2:$B$8
Name PlanDay: _PlanEngine!$C$2:$C$8
Name PlanEnergy: _PlanEngine!$F$2:$F$8
Name PlanMode: _PlanEngine!$D$2:$D$8
Name PlannedHrs: _Calc!$B$24
Name PlanSuggestMins: _PlanEngine!$N$2:$N$8
Name PlanTopicIdx: _PlanEngine!$J$2:$J$8
Name PlanTopicName: _PlanEngine!$K$2:$K$8
Name PlanTopicSection: _PlanEngine!$L$2:$L$8
Name PlanTopicTier: _PlanEngine!$M$2:$M$8
Name PriorityKey: 'Topic Planner'!$S$2:$S$86
Name ProgressPct: _Calc!$B$27
Name ReadinessPct: _Calc!$B$28
Name RemainingHrs: _Calc!$B$26
Name StatusList: _Lists!$I$2:$I$8
Name TiredKey: 'Topic Planner'!$T$2:$T$86
Name TopicAction: 'Topic Planner'!$Q$2:$Q$86
Name TopicBoredom: 'Topic Planner'!$I$2:$I$86
Name TopicCompleted: 'Topic Planner'!$N$2:$N$86
Name TopicConf: 'Topic Planner'!$G$2:$G$86
Name TopicDepth: 'Topic Planner'!$L$2:$L$86
Name TopicDiff: 'Topic Planner'!$H$2:$H$86
Name TopicHours: 'Topic Planner'!$M$2:$M$86
Name TopicInclude: 'Topic Planner'!$A$2:$A$86
Name TopicName: 'Topic Planner'!$C$2:$C$86
Name TopicPriority: 'Topic Planner'!$K$2:$K$86
Name TopicProgress: 'Topic Planner'!$O$2:$O$86
Name TopicQuickWin: 'Topic Planner'!$J$2:$J$86
Name TopicSection: 'Topic Planner'!$B$2:$B$86
Name TopicStatus: 'Topic Planner'!$P$2:$P$86
Name TopicTier: 'Topic Planner'!$F$2:$F$86
Name TopicWeight: 'Topic Planner'!$E$2:$E$86
Name TotalIncluded: _Calc!$B$22
Name WeeklyAvail: _Calc!$B$38
Name WeeklyPlanActual: 'Weekly Plan'!$I$6:$I$12
Name WeeklyPlanDate: 'Weekly Plan'!$A$6:$A$12
Name WeeklyPlanDay: 'Weekly Plan'!$B$6:$B$12
Name WeeklyPlanDone: 'Weekly Plan'!$H$6:$H$12
Name WeeklyPlanMins: 'Weekly Plan'!$G$6:$G$12
Name WeeklyPlanMode: 'Weekly Plan'!$C$6:$C$12
Name WeeklyPlanned: _Calc!$B$39
Name WeeklyPlanTask: 'Weekly Plan'!$F$6:$F$12
Name WeeklyPlanTopic: 'Weekly Plan'!$E$6:$E$12

Sheet Dashboard
A1: Latifah's FE Auto-Generated Study Planner
A2: The plan adjusts itself. Edit YELLOW cells (inputs + daily availability + Topic Planner). Read GREEN cells. Open Weekly Plan tab to see today's auto-generated task.
A4: EXAM DATE | D4: DAYS REMAINING | G4: WEEKS REMAINING | J4: PROGRESS % | M4: READINESS | P4: NEXT BEST TOPIC
A5: =C21 -> 46234 | D5: =C21-TODAY() -> 74 | G5: =ROUND((C21-TODAY())/7,1) -> 10.6 | J5: =ProgressPct -> 0 | M5: =ReadinessPct -> 0 | P5: =_Calc!B15 -> 6.4 Waveform Analysis
A7: COMPLETED HOURS | D7: REMAINING HOURS | G7: WEEKLY AVAILABLE | J7: WEEKLY PLANNED | M7: HIGH-PRIORITY REMAINING | P7: THIS WEEK
A8: =CompletedHrs -> 0 | D8: =RemainingHrs -> 150.5 | G8: =WeeklyAvail -> 3.8 | J8: =WeeklyPlanned -> 3.8 | M8: =HighPriRem -> 37 | P8: =COUNTIF(WeeklyPlanDone,"Yes")&" / 7 done" -> 0 / 7 done
A10: ="What Should I Study Next? - Today is "&TEXT(TODAY(),"dddd, mmm d") -> What Should I Study Next? - Today is Monday, May 18
A11: Today's Auto-Topic | E11: =IF(INDEX(WeeklyPlanTopic,WEEKDAY(TODAY(),1))="","Rest day. No specific topic.",INDEX(WeeklyPlanTopic,WEEKDAY(TODAY(),1))) -> 6.6 Impedance
A12: Today's Auto-Task | E12: =INDEX(WeeklyPlanTask,WEEKDAY(TODAY(),1)) -> Review formulas, then practice short FE-style problems. Topic: 6.6 Impedance
A13: Today's Mode + Length | E13: =INDEX(WeeklyPlanMode,WEEKDAY(TODAY(),1))&" - "&INDEX(WeeklyPlanMins,WEEKDAY(TODAY(),1))&" minutes" -> Normal - 35 minutes
A14: Next Best Topic Overall | E14: =_Calc!B15&" ("&_Calc!D15&", priority "&TEXT(_Calc!C15,"0.00")&")" -> 6.4 Waveform Analysis (Circuit Analysis, priority 7.35)
A15: Why This Topic | E15: =IF(INDEX(TopicWeight,MATCH(LARGE(PriorityKey,1),PriorityKey,0))>=10,"High exam weight - core scoring chapter",IF(INDEX(TopicConf,MATCH(LARGE(PriorityKey,1),PriorityKey,0))<=2,"Low confidence + high value - high gain",IF(INDEX(TopicQuickWin,MATCH(LARGE(PriorityKey,1),PriorityKey,0))>=4,"Quick win - low effort, high return",IF(INDEX(TopicTier,MATCH(LARGE(PriorityKey,1),PriorityKey,0))=1,"Tier 1 must-cover topic","Strong supporting topic")))) -> High exam weight - core scoring chapter
A16: Low-Energy Backup | E16: ="Try: "&INDEX(LowEnergyTasks,1) -> Try: FE Handbook formula lookup - 10-15 min
A18: Essential Inputs | E18: Daily Availability (drives the planner) | L18: Weekly Plan Preview
E19: Day | G19: Min | H19: Energy | I19: Mode | L19: Day | M19: Auto Topic | O19: Auto Task | Q19: Min | R19: Done
A20: Student Name | C20: Latifah | E20: Sunday | G20: 30 | H20: 2 | I20: Normal | L20: =INDEX(WeeklyPlanDay,1) -> Sunday | M20: =INDEX(WeeklyPlanTopic,1) -> 6.4 Waveform Analysis | O20: =INDEX(WeeklyPlanTask,1) -> Study the core concept, then solve 2-4 examples. Topic: 6.4 Waveform Analysis | Q20: =INDEX(WeeklyPlanMins,1) -> 30 | R20: =INDEX(WeeklyPlanDone,1) -> No
A21: Exam Date | C21: 46234 | E21: Monday | G21: 35 | H21: 3 | I21: Normal | L21: =INDEX(WeeklyPlanDay,2) -> Monday | M21: =INDEX(WeeklyPlanTopic,2) -> 6.6 Impedance | O21: =INDEX(WeeklyPlanTask,2) -> Review formulas, then practice short FE-style problems. Topic: 6.6 Impedance | Q21: =INDEX(WeeklyPlanMins,2) -> 35 | R21: =INDEX(WeeklyPlanDone,2) -> No
A22: Start Date | C22: 46160 | E22: Tuesday | G22: 30 | H22: 2 | I22: Normal | L22: =INDEX(WeeklyPlanDay,3) -> Tuesday | M22: =INDEX(WeeklyPlanTopic,3) -> 6.5 Phasors | O22: =INDEX(WeeklyPlanTask,3) -> Focus on common mistakes and update confidence. Topic: 6.5 Phasors | Q22: =INDEX(WeeklyPlanMins,3) -> 30 | R22: =INDEX(WeeklyPlanDone,3) -> No
A23: Study Style | C23: Flexible | E23: Wednesday | G23: 35 | H23: 3 | I23: Normal | L23: =INDEX(WeeklyPlanDay,4) -> Wednesday | M23: =INDEX(WeeklyPlanTopic,4) -> 6.3 Thevenin and Norton Theorems | O23: =INDEX(WeeklyPlanTask,4) -> Study the core concept, then solve 2-4 examples. Topic: 6.3 Thevenin and Norton Theorems | Q23: =INDEX(WeeklyPlanMins,4) -> 35 | R23: =INDEX(WeeklyPlanDone,4) -> No
A24: Min Wkly Hrs | C24: 5 | E24: Thursday | G24: 25 | H24: 2 | I24: Low Energy | L24: =INDEX(WeeklyPlanDay,5) -> Thursday | M24: =INDEX(WeeklyPlanTopic,5) | O24: =INDEX(WeeklyPlanTask,5) -> FE Handbook formula lookup - 10-15 min | Q24: =INDEX(WeeklyPlanMins,5) -> 20 | R24: =INDEX(WeeklyPlanDone,5) -> No
A25: Max Wkly Hrs | C25: 10 | E25: Friday | G25: 30 | H25: 3 | I25: Family | L25: =INDEX(WeeklyPlanDay,6) -> Friday | M25: =INDEX(WeeklyPlanTopic,6) -> 13.1 Communication Theory | O25: =INDEX(WeeklyPlanTask,6) -> Light review of 13.1 Communication Theory. No heavy problem solving. | Q25: =INDEX(WeeklyPlanMins,6) -> 30 | R25: =INDEX(WeeklyPlanDone,6) -> No
E26: Saturday | G26: 45 | H26: 4 | I26: Family | L26: =INDEX(WeeklyPlanDay,7) -> Saturday | M26: =INDEX(WeeklyPlanTopic,7) -> 8.1 Sampling | O26: =INDEX(WeeklyPlanTask,7) -> Light review of 8.1 Sampling. No heavy problem solving. | Q26: =INDEX(WeeklyPlanMins,7) -> 45 | R26: =INDEX(WeeklyPlanDone,7) -> No
A28: Visual Progress
A61: Study Modes Reference
A62: Normal Mode (25-45 min) | E62: 5 min concept + 20-30 min problems + 5 min correction/log | M62: Sun-Thu after work
A63: Low-Energy Mode (10-20 min) | E63: Formula lookup + 1-2 examples + flashcards or mistake review | M63: Tired evenings - keeps streak alive
A64: Family Mode (20-45 min if available) | E64: Light review or mini quiz only - no heavy new theory | M64: Friday/Saturday
A65: Rest (0 min) | E65: No study required. Recover. | M65: Whenever you need it - never punished

Sheet Topic Planner
A1: Include? | B1: FE Section | C1: Topic / Problem Set | D1: Q Range | E1: Avg Wt | F1: Tier | G1: Confidence | H1: Difficulty | I1: Boredom | J1: Quick Win | K1: Priority Score | L1: Recommended Depth | M1: Suggested Hrs | N1: Completed Hrs | O1: Progress % | P1: Status | Q1: Next Action | R1: Notes
A2: Yes | B2: Mathematics | C2: 1.1 Algebra and Trigonometry | D2: 11-17 | E2: 14 | F2: 1 | G2: 3 | H2: 2 | I2: 2 | J2: 4 | K2: =IF(A2="No",0,IF(P2="Skipped",0,ROUND((E2*0.35+(6-G2)*0.25+J2*0.2+IF(F2=1,5,IF(F2=2,3,1))*0.15-I2*0.05)*IF(A2="Later",0.5,1)*IF(OR(IFERROR(N2/M2,0)>=1,P2="Exam Ready"),0.1,1),2))) -> 7.1 | L2: Standard Study | M2: 3 | N2: 0 | O2: =IFERROR(MIN(N2/M2,1),0) -> 0 | P2: Not Started | Q2: =IF(A2="No","Skip for Now",IF(A2="Later","Defer",IF(OR(O2>=1,P2="Exam Ready"),"Keep Warm",IF(P2="Skipped","Skip for Now",IF(K2>=6,"Study Next",IF(K2>=4.5,"Study This Week",IF(K2>=3,"Practice","Review"))))))) -> Study Next | R2: Foundation - quick warm-up sessions | S2: =K2+ROW()/100000 -> 7.10002 | T2: =IF(A2="No",0,IF(P2="Skipped",0,(J2*2-H2-I2+5)*IF(O2>=1,0.1,1)))+ROW()/100000 -> 9.00002 | U2: =IF(A2="Yes",10-K2,0)+ROW()/100000 -> 2.90002 | V2: =IF(A2="No",0,IF(P2="Skipped",0,IF(F2=1,0,IF(O2>=1,0,(J2*2-H2-I2+5)*0.5+(6-G2)*0.3))))+ROW()/100000 -> 2e-05
A3: Yes | B3: Mathematics | C3: 1.2 Complex Numbers | D3: 11-17 | E3: 14 | F3: 1 | G3: 3 | H3: 2 | I3: 2 | J3: 5 | K3: =IF(A3="No",0,IF(P3="Skipped",0,ROUND((E3*0.35+(6-G3)*0.25+J3*0.2+IF(F3=1,5,IF(F3=2,3,1))*0.15-I3*0.05)*IF(A3="Later",0.5,1)*IF(OR(IFERROR(N3/M3,0)>=1,P3="Exam Ready"),0.1,1),2))) -> 7.3 | L3: Deep Study | M3: 2.5 | N3: 0 | O3: =IFERROR(MIN(N3/M3,1),0) -> 0 | P3: Not Started | Q3: =IF(A3="No","Skip for Now",IF(A3="Later","Defer",IF(OR(O3>=1,P3="Exam Ready"),"Keep Warm",IF(P3="Skipped","Skip for Now",IF(K3>=6,"Study Next",IF(K3>=4.5,"Study This Week",IF(K3>=3,"Practice","Review"))))))) -> Study Next | R3: CRITICAL for AC circuits and phasors | S3: =K3+ROW()/100000 -> 7.30003 | T3: =IF(A3="No",0,IF(P3="Skipped",0,(J3*2-H3-I3+5)*IF(O3>=1,0.1,1)))+ROW()/100000 -> 11.00003 | U3: =IF(A3="Yes",10-K3,0)+ROW()/100000 -> 2.70003 | V3: =IF(A3="No",0,IF(P3="Skipped",0,IF(F3=1,0,IF(O3>=1,0,(J3*2-H3-I3+5)*0.5+(6-G3)*0.3))))+ROW()/100000 -> 3e-05
A4: Yes | B4: Mathematics | C4: 1.3 Discrete Math & Progressions | D4: 11-17 | E4: 14 | F4: 1 | G4: 2 | H4: 2 | I4: 2 | J4: 3 | K4: =IF(A4="No",0,IF(P4="Skipped",0,ROUND((E4*0.35+(6-G4)*0.25+J4*0.2+IF(F4=1,5,IF(F4=2,3,1))*0.15-I4*0.05)*IF(A4="Later",0.5,1)*IF(OR(IFERROR(N4/M4,0)>=1,P4="Exam Ready"),0.1,1),2))) -> 7.15 | L4: Fast Review | M4: 1 | N4: 0 | O4: =IFERROR(MIN(N4/M4,1),0) -> 0 | P4: Not Started | Q4: =IF(A4="No","Skip for Now",IF(A4="Later","Defer",IF(OR(O4>=1,P4="Exam Ready"),"Keep Warm",IF(P4="Skipped","Skip for Now",IF(K4>=6,"Study Next",IF(K4>=4.5,"Study This Week",IF(K4>=3,"Practice","Review"))))))) -> Study Next | R4: Lower-yield within math chapter | S4: =K4+ROW()/100000 -> 7.15004 | T4: =IF(A4="No",0,IF(P4="Skipped",0,(J4*2-H4-I4+5)*IF(O4>=1,0.1,1)))+ROW()/100000 -> 7.00004 | U4: =IF(A4="Yes",10-K4,0)+ROW()/100000 -> 2.85004 | V4: =IF(A4="No",0,IF(P4="Skipped",0,IF(F4=1,0,IF(O4>=1,0,(J4*2-H4-I4+5)*0.5+(6-G4)*0.3))))+ROW()/100000 -> 4e-05
A5: Yes | B5: Mathematics | C5: 1.4 Analytic Geometry | D5: 11-17 | E5: 14 | F5: 1 | G5: 2 | H5: 2 | I5: 3 | J5: 2 | K5: =IF(A5="No",0,IF(P5="Skipped",0,ROUND((E5*0.35+(6-G5)*0.25+J5*0.2+IF(F5=1,5,IF(F5=2,3,1))*0.15-I5*0.05)*IF(A5="Later",0.5,1)*IF(OR(IFERROR(N5/M5,0)>=1,P5="Exam Ready"),0.1,1),2))) -> 6.9 | L5: Light Review | M5: 1 | N5: 0 | O5: =IFERROR(MIN(N5/M5,1),0) -> 0 | P5: Not Started | Q5: =IF(A5="No","Skip for Now",IF(A5="Later","Defer",IF(OR(O5>=1,P5="Exam Ready"),"Keep Warm",IF(P5="Skipped","Skip for Now",IF(K5>=6,"Study Next",IF(K5>=4.5,"Study This Week",IF(K5>=3,"Practice","Review"))))))) -> Study Next | R5: Conics rare on exam | S5: =K5+ROW()/100000 -> 6.90005 | T5: =IF(A5="No",0,IF(P5="Skipped",0,(J5*2-H5-I5+5)*IF(O5>=1,0.1,1)))+ROW()/100000 -> 4.00005 | U5: =IF(A5="Yes",10-K5,0)+ROW()/100000 -> 3.10005 | V5: =IF(A5="No",0,IF(P5="Skipped",0,IF(F5=1,0,IF(O5>=1,0,(J5*2-H5-I5+5)*0.5+(6-G5)*0.3))))+ROW()/100000 -> 5e-05
A6: Yes | B6: Mathematics | C6: 1.5 Calculus | D6: 11-17 | E6: 14 | F6: 1 | G6: 2 | H6: 3 | I6: 3 | J6: 4 | K6: =IF(A6="No",0,IF(P6="Skipped",0,ROUND((E6*0.35+(6-G6)*0.25+J6*0.2+IF(F6=1,5,IF(F6=2,3,1))*0.15-I6*0.05)*IF(A6="Later",0.5,1)*IF(OR(IFERROR(N6/M6,0)>=1,P6="Exam Ready"),0.1,1),2))) -> 7.3 | L6: Standard Study | M6: 3 | N6: 0 | O6: =IFERROR(MIN(N6/M6,1),0) -> 0 | P6: Not Started | Q6: =IF(A6="No","Skip for Now",IF(A6="Later","Defer",IF(OR(O6>=1,P6="Exam Ready"),"Keep Warm",IF(P6="Skipped","Skip for Now",IF(K6>=6,"Study Next",IF(K6>=4.5,"Study This Week",IF(K6>=3,"Practice","Review"))))))) -> Study Next | R6: Derivatives + integrals appear often | S6: =K6+ROW()/100000 -> 7.30006 | T6: =IF(A6="No",0,IF(P6="Skipped",0,(J6*2-H6-I6+5)*IF(O6>=1,0.1,1)))+ROW()/100000 -> 7.00006 | U6: =IF(A6="Yes",10-K6,0)+ROW()/100000 -> 2.70006 | V6: =IF(A6="No",0,IF(P6="Skipped",0,IF(F6=1,0,IF(O6>=1,0,(J6*2-H6-I6+5)*0.5+(6-G6)*0.3))))+ROW()/100000 -> 6e-05
A7: Yes | B7: Mathematics | C7: 1.6 Differential Equations | D7: 11-17 | E7: 14 | F7: 1 | G7: 2 | H7: 4 | I7: 4 | J7: 3 | K7: =IF(A7="No",0,IF(P7="Skipped",0,ROUND((E7*0.35+(6-G7)*0.25+J7*0.2+IF(F7=1,5,IF(F7=2,3,1))*0.15-I7*0.05)*IF(A7="Later",0.5,1)*IF(OR(IFERROR(N7/M7,0)>=1,P7="Exam Ready"),0.1,1),2))) -> 7.05 | L7: Standard Study | M7: 2.5 | N7: 0 | O7: =IFERROR(MIN(N7/M7,1),0) -> 0 | P7: Not Started | Q7: =IF(A7="No","Skip for Now",IF(A7="Later","Defer",IF(OR(O7>=1,P7="Exam Ready"),"Keep Warm",IF(P7="Skipped","Skip for Now",IF(K7>=6,"Study Next",IF(K7>=4.5,"Study This Week",IF(K7>=3,"Practice","Review"))))))) -> Study Next | R7: Heavy - split into 2 sessions | S7: =K7+ROW()/100000 -> 7.05007 | T7: =IF(A7="No",0,IF(P7="Skipped",0,(J7*2-H7-I7+5)*IF(O7>=1,0.1,1)))+ROW()/100000 -> 3.00007 | U7: =IF(A7="Yes",10-K7,0)+ROW()/100000 -> 2.95007 | V7: =IF(A7="No",0,IF(P7="Skipped",0,IF(F7=1,0,IF(O7>=1,0,(J7*2-H7-I7+5)*0.5+(6-G7)*0.3))))+ROW()/100000 -> 7e-05
A8: Yes | B8: Mathematics | C8: 1.7 Matrix and Vector Analysis | D8: 11-17 | E8: 14 | F8: 1 | G8: 2 | H8: 3 | I8: 3 | J8: 3 | K8: =IF(A8="No",0,IF(P8="Skipped",0,ROUND((E8*0.35+(6-G8)*0.25+J8*0.2+IF(F8=1,5,IF(F8=2,3,1))*0.15-I8*0.05)*IF(A8="Later",0.5,1)*IF(OR(IFERROR(N8/M8,0)>=1,P8="Exam Ready"),0.1,1),2))) -> 7.1 | L8: Standard Study | M8: 2 | N8: 0 | O8: =IFERROR(MIN(N8/M8,1),0) -> 0 | P8: Not Started | Q8: =IF(A8="No","Skip for Now",IF(A8="Later","Defer",IF(OR(O8>=1,P8="Exam Ready"),"Keep Warm",IF(P8="Skipped","Skip for Now",IF(K8>=6,"Study Next",IF(K8>=4.5,"Study This Week",IF(K8>=3,"Practice","Review"))))))) -> Study Next | R8: Linear algebra basics | S8: =K8+ROW()/100000 -> 7.10008 | T8: =IF(A8="No",0,IF(P8="Skipped",0,(J8*2-H8-I8+5)*IF(O8>=1,0.1,1)))+ROW()/100000 -> 5.00008 | U8: =IF(A8="Yes",10-K8,0)+ROW()/100000 -> 2.90008 | V8: =IF(A8="No",0,IF(P8="Skipped",0,IF(F8=1,0,IF(O8>=1,0,(J8*2-H8-I8+5)*0.5+(6-G8)*0.3))))+ROW()/100000 -> 8e-05
A9: Yes | B9: Probability and Statistics | C9: 2.1 Central Tendencies & Dispersions | D9: 4-6 | E9: 5 | F9: 2 | G9: 3 | H9: 2 | I9: 2 | J9: 4 | K9: =IF(A9="No",0,IF(P9="Skipped",0,ROUND((E9*0.35+(6-G9)*0.25+J9*0.2+IF(F9=1,5,IF(F9=2,3,1))*0.15-I9*0.05)*IF(A9="Later",0.5,1)*IF(OR(IFERROR(N9/M9,0)>=1,P9="Exam Ready"),0.1,1),2))) -> 3.65 | L9: Fast Review | M9: 1 | N9: 0 | O9: =IFERROR(MIN(N9/M9,1),0) -> 0 | P9: Not Started | Q9: =IF(A9="No","Skip for Now",IF(A9="Later","Defer",IF(OR(O9>=1,P9="Exam Ready"),"Keep Warm",IF(P9="Skipped","Skip for Now",IF(K9>=6,"Study Next",IF(K9>=4.5,"Study This Week",IF(K9>=3,"Practice","Review"))))))) -> Practice | R9: Calculator-fast - quick win | S9: =K9+ROW()/100000 -> 3.65009 | T9: =IF(A9="No",0,IF(P9="Skipped",0,(J9*2-H9-I9+5)*IF(O9>=1,0.1,1)))+ROW()/100000 -> 9.00009 | U9: =IF(A9="Yes",10-K9,0)+ROW()/100000 -> 6.35009 | V9: =IF(A9="No",0,IF(P9="Skipped",0,IF(F9=1,0,IF(O9>=1,0,(J9*2-H9-I9+5)*0.5+(6-G9)*0.3))))+ROW()/100000 -> 5.40009
A10: Yes | B10: Probability and Statistics | C10: 2.2 Permutation, Combination, Probability | D10: 4-6 | E10: 5 | F10: 2 | G10: 2 | H10: 3 | I10: 2 | J10: 3 | K10: =IF(A10="No",0,IF(P10="Skipped",0,ROUND((E10*0.35+(6-G10)*0.25+J10*0.2+IF(F10=1,5,IF(F10=2,3,1))*0.15-I10*0.05)*IF(A10="Later",0.5,1)*IF(OR(IFERROR(N10/M10,0)>=1,P10="Exam Ready"),0.1,1),2))) -> 3.7 | L10: Standard Study | M10: 1.5 | N10: 0 | O10: =IFERROR(MIN(N10/M10,1),0) -> 0 | P10: Not Started | Q10: =IF(A10="No","Skip for Now",IF(A10="Later","Defer",IF(OR(O10>=1,P10="Exam Ready"),"Keep Warm",IF(P10="Skipped","Skip for Now",IF(K10>=6,"Study Next",IF(K10>=4.5,"Study This Week",IF(K10>=3,"Practice","Review"))))))) -> Practice | R10: Watch combination vs permutation | S10: =K10+ROW()/100000 -> 3.7001 | T10: =IF(A10="No",0,IF(P10="Skipped",0,(J10*2-H10-I10+5)*IF(O10>=1,0.1,1)))+ROW()/100000 -> 6.0001 | U10: =IF(A10="Yes",10-K10,0)+ROW()/100000 -> 6.3001 | V10: =IF(A10="No",0,IF(P10="Skipped",0,IF(F10=1,0,IF(O10>=1,0,(J10*2-H10-I10+5)*0.5+(6-G10)*0.3))))+ROW()/100000 -> 4.2001
A11: Yes | B11: Probability and Statistics | C11: 2.3 Probability Distributions | D11: 4-6 | E11: 5 | F11: 2 | G11: 2 | H11: 3 | I11: 3 | J11: 3 | K11: =IF(A11="No",0,IF(P11="Skipped",0,ROUND((E11*0.35+(6-G11)*0.25+J11*0.2+IF(F11=1,5,IF(F11=2,3,1))*0.15-I11*0.05)*IF(A11="Later",0.5,1)*IF(OR(IFERROR(N11/M11,0)>=1,P11="Exam Ready"),0.1,1),2))) -> 3.65 | L11: Standard Study | M11: 1.5 | N11: 0 | O11: =IFERROR(MIN(N11/M11,1),0) -> 0 | P11: Not Started | Q11: =IF(A11="No","Skip for Now",IF(A11="Later","Defer",IF(OR(O11>=1,P11="Exam Ready"),"Keep Warm",IF(P11="Skipped","Skip for Now",IF(K11>=6,"Study Next",IF(K11>=4.5,"Study This Week",IF(K11>=3,"Practice","Review"))))))) -> Practice | R11: Normal + binomial - use handbook tables | S11: =K11+ROW()/100000 -> 3.65011 | T11: =IF(A11="No",0,IF(P11="Skipped",0,(J11*2-H11-I11+5)*IF(O11>=1,0.1,1)))+ROW()/100000 -> 5.00011 | U11: =IF(A11="Yes",10-K11,0)+ROW()/100000 -> 6.35011 | V11: =IF(A11="No",0,IF(P11="Skipped",0,IF(F11=1,0,IF(O11>=1,0,(J11*2-H11-I11+5)*0.5+(6-G11)*0.3))))+ROW()/100000 -> 3.70011
A12: Yes | B12: Probability and Statistics | C12: 2.4 Expected Values | D12: 4-6 | E12: 5 | F12: 2 | G12: 3 | H12: 2 | I12: 2 | J12: 4 | K12: =IF(A12="No",0,IF(P12="Skipped",0,ROUND((E12*0.35+(6-G12)*0.25+J12*0.2+IF(F12=1,5,IF(F12=2,3,1))*0.15-I12*0.05)*IF(A12="Later",0.5,1)*IF(OR(IFERROR(N12/M12,0)>=1,P12="Exam Ready"),0.1,1),2))) -> 3.65 | L12: Fast Review | M12: 1 | N12: 0 | O12: =IFERROR(MIN(N12/M12,1),0) -> 0 | P12: Not Started | Q12: =IF(A12="No","Skip for Now",IF(A12="Later","Defer",IF(OR(O12>=1,P12="Exam Ready"),"Keep Warm",IF(P12="Skipped","Skip for Now",IF(K12>=6,"Study Next",IF(K12>=4.5,"Study This Week",IF(K12>=3,"Practice","Review"))))))) -> Practice | R12: Quick win with weighted-sum | S12: =K12+ROW()/100000 -> 3.65012 | T12: =IF(A12="No",0,IF(P12="Skipped",0,(J12*2-H12-I12+5)*IF(O12>=1,0.1,1)))+ROW()/100000 -> 9.00012 | U12: =IF(A12="Yes",10-K12,0)+ROW()/100000 -> 6.35012 | V12: =IF(A12="No",0,IF(P12="Skipped",0,IF(F12=1,0,IF(O12>=1,0,(J12*2-H12-I12+5)*0.5+(6-G12)*0.3))))+ROW()/100000 -> 5.40012
A13: Yes | B13: Ethics and Professional Practice | C13: 3.1 Code of Ethics & NCEES Model Law | D13: 4-6 | E13: 5 | F13: 1 | G13: 3 | H13: 1 | I13: 2 | J13: 5 | K13: =IF(A13="No",0,IF(P13="Skipped",0,ROUND((E13*0.35+(6-G13)*0.25+J13*0.2+IF(F13=1,5,IF(F13=2,3,1))*0.15-I13*0.05)*IF(A13="Later",0.5,1)*IF(OR(IFERROR(N13/M13,0)>=1,P13="Exam Ready"),0.1,1),2))) -> 4.15 | L13: Standard Study | M13: 1.5 | N13: 0 | O13: =IFERROR(MIN(N13/M13,1),0) -> 0 | P13: Not Started | Q13: =IF(A13="No","Skip for Now",IF(A13="Later","Defer",IF(OR(O13>=1,P13="Exam Ready"),"Keep Warm",IF(P13="Skipped","Skip for Now",IF(K13>=6,"Study Next",IF(K13>=4.5,"Study This Week",IF(K13>=3,"Practice","Review"))))))) -> Practice | R13: Public welfare beats everything | S13: =K13+ROW()/100000 -> 4.15013 | T13: =IF(A13="No",0,IF(P13="Skipped",0,(J13*2-H13-I13+5)*IF(O13>=1,0.1,1)))+ROW()/100000 -> 12.00013 | U13: =IF(A13="Yes",10-K13,0)+ROW()/100000 -> 5.85013 | V13: =IF(A13="No",0,IF(P13="Skipped",0,IF(F13=1,0,IF(O13>=1,0,(J13*2-H13-I13+5)*0.5+(6-G13)*0.3))))+ROW()/100000 -> 0.00013
... A86: Yes | B86: Software Engineering | C86: 17.5 Software Design & Testing | D86: 4-6 | E86: 5 | F86: 2 | G86: 3 | H86: 2 | I86: 3 | J86: 3 | K86: =IF(A86="No",0,IF(P86="Skipped",0,ROUND((E86*0.35+(6-G86)*0.25+J86*0.2+IF(F86=1,5,IF(F86=2,3,1))*0.15-I86*0.05)*IF(A86="Later",0.5,1)*IF(OR(IFERROR(N86/M86,0)>=1,P86="Exam Ready"),0.1,1),2))) -> 3.4 | L86: Fast Review | M86: 1 | N86: 0 | O86: =IFERROR(MIN(N86/M86,1),0) -> 0 | P86: Not Started | Q86: =IF(A86="No","Skip for Now",IF(A86="Later","Defer",IF(OR(O86>=1,P86="Exam Ready"),"Keep Warm",IF(P86="Skipped","Skip for Now",IF(K86>=6,"Study Next",IF(K86>=4.5,"Study This Week",IF(K86>=3,"Practice","Review"))))))) -> Practice | R86: SDLC + test types | S86: =K86+ROW()/100000 -> 3.40086 | T86: =IF(A86="No",0,IF(P86="Skipped",0,(J86*2-H86-I86+5)*IF(O86>=1,0.1,1)))+ROW()/100000 -> 6.00086 | U86: =IF(A86="Yes",10-K86,0)+ROW()/100000 -> 6.60086 | V86: =IF(A86="No",0,IF(P86="Skipped",0,IF(F86=1,0,IF(O86>=1,0,(J86*2-H86-I86+5)*0.5+(6-G86)*0.3))))+ROW()/100000 -> 3.90086

Sheet Weekly Plan
A1: Weekly Plan - Auto-Generated
A2: This plan is generated automatically from the Topic Planner priorities + your Dashboard daily availability. Edit only the YELLOW cells (Done?, Actual Min, Notes). To change the plan, change Confidence/Include in Topic Planner or Mode/Minutes/Energy on the Dashboard.
A4: A. This Week's Plan
A5: Date | B5: Day | C5: Mode | D5: Avail Min | E5: Auto Topic | F5: Auto Task | G5: Sugg Min | H5: Done? | I5: Actual Min | J5: Notes
A6: =_PlanEngine!B2 -> 46159 | B6: =_PlanEngine!C2 -> Sunday | C6: =_PlanEngine!D2 -> Normal | D6: =_PlanEngine!E2 -> 30 | E6: =_PlanEngine!K2 -> 6.4 Waveform Analysis | F6: =_PlanEngine!O2 -> Study the core concept, then solve 2-4 examples. Topic: 6.4 Waveform Analysis | G6: =_PlanEngine!N2 -> 30 | H6: No | I6: 0
A7: =_PlanEngine!B3 -> 46160 | B7: =_PlanEngine!C3 -> Monday | C7: =_PlanEngine!D3 -> Normal | D7: =_PlanEngine!E3 -> 35 | E7: =_PlanEngine!K3 -> 6.6 Impedance | F7: =_PlanEngine!O3 -> Review formulas, then practice short FE-style problems. Topic: 6.6 Impedance | G7: =_PlanEngine!N3 -> 35 | H7: No | I7: 0
A8: =_PlanEngine!B4 -> 46161 | B8: =_PlanEngine!C4 -> Tuesday | C8: =_PlanEngine!D4 -> Normal | D8: =_PlanEngine!E4 -> 30 | E8: =_PlanEngine!K4 -> 6.5 Phasors | F8: =_PlanEngine!O4 -> Focus on common mistakes and update confidence. Topic: 6.5 Phasors | G8: =_PlanEngine!N4 -> 30 | H8: No | I8: 0
A9: =_PlanEngine!B5 -> 46162 | B9: =_PlanEngine!C5 -> Wednesday | C9: =_PlanEngine!D5 -> Normal | D9: =_PlanEngine!E5 -> 35 | E9: =_PlanEngine!K5 -> 6.3 Thevenin and Norton Theorems | F9: =_PlanEngine!O5 -> Study the core concept, then solve 2-4 examples. Topic: 6.3 Thevenin and Norton Theorems | G9: =_PlanEngine!N5 -> 35 | H9: No | I9: 0
A10: =_PlanEngine!B6 -> 46163 | B10: =_PlanEngine!C6 -> Thursday | C10: =_PlanEngine!D6 -> Low Energy | D10: =_PlanEngine!E6 -> 25 | E10: =_PlanEngine!K6 | F10: =_PlanEngine!O6 -> FE Handbook formula lookup - 10-15 min | G10: =_PlanEngine!N6 -> 20 | H10: No | I10: 0
A11: =_PlanEngine!B7 -> 46164 | B11: =_PlanEngine!C7 -> Friday | C11: =_PlanEngine!D7 -> Family | D11: =_PlanEngine!E7 -> 30 | E11: =_PlanEngine!K7 -> 13.1 Communication Theory | F11: =_PlanEngine!O7 -> Light review of 13.1 Communication Theory. No heavy problem solving. | G11: =_PlanEngine!N7 -> 30 | H11: No | I11: 0
A12: =_PlanEngine!B8 -> 46165 | B12: =_PlanEngine!C8 -> Saturday | C12: =_PlanEngine!D8 -> Family | D12: =_PlanEngine!E8 -> 45 | E12: =_PlanEngine!K8 -> 8.1 Sampling | F12: =_PlanEngine!O8 -> Light review of 8.1 Sampling. No heavy problem solving. | G12: =_PlanEngine!N8 -> 45 | H12: No | I12: 0
D13: Totals | G13: =SUM(G6:G12) -> 225 | H13: =COUNTIF(H6:H12,"Yes")&" / 7" -> 0 / 7 | I13: =SUM(I6:I12) -> 0
A15: B. Week Capacity & Health
A16: Available Hours | C16: Planned Hours | E16: Done Hours | G16: Capacity Status
A17: =ROUND(SUM(D6:D12)/60,1) -> 3.8 | C17: =ROUND(SUM(G6:G12)/60,1) -> 3.8 | E17: =ROUND(SUM(I6:I12)/60,1) -> 0 | G17: =IF(SUM(G6:G12)=0,"-",IF(SUM(G6:G12)/60<3,"Under capacity - focus on Tier 1",IF(SUM(G6:G12)/60>SUM(D6:D12)/60,"Over capacity - reduce sessions","Balanced"))) -> Balanced
A19: C. Weekly Reflection (Sunday 5-min check-in)
A20: What worked this week?
A21: What was difficult?
A22: Which topic needs more time?
A23: What is next week's focus?

Sheet _Lists
B1: Low-Energy Tasks | C1: Normal Task Templates | D1: Family Task Templates | F1: WeekdayNum | G1: DayName | I1: Status | J1: Order
A2: 1 | B2: FE Handbook formula lookup - 10-15 min | C2: Study the core concept, then solve 2-4 examples. | D2: Optional light review only. | F2: 1 | G2: Sunday | I2: Not Started | J2: 1
A3: 2 | B3: Review one solved example - 10-20 min | C3: Review formulas, then practice short FE-style problems. | D3: One short review or mini quiz if time allows. | F3: 2 | G3: Monday | I3: Learning | J3: 2
A4: 3 | B4: Mistake review of last topic - 15-20 min | C4: Focus on common mistakes and update confidence. | D4: Catch-up only. Do not start a heavy new topic. | F4: 3 | G4: Tuesday | I4: Practicing | J4: 3
A5: 4 | B5: Flashcard review - 10-15 min | F5: 4 | G5: Wednesday | I5: Improving | J5: 4
A6: 5 | B6: Light Ethics review (3.1, 3.2, 3.3) - 15-20 min | F6: 5 | G6: Thursday | I6: Strong | J6: 5
A7: 6 | B7: Engineering Economics formula drill - 15-25 min | F7: 6 | G7: Friday | I7: Exam Ready | J7: 6
F8: 7 | G8: Saturday | I8: Skipped | J8: 7

Sheet _Calc
A1: OVERALL PROGRESS
A2: Completed Hours | B2: =SUMIFS(TopicCompleted,TopicInclude,"Yes") -> 0
A3: Remaining Hours | B3: =MAX(SUMIFS(TopicHours,TopicInclude,"Yes")-SUMIFS(TopicCompleted,TopicInclude,"Yes"),0) -> 150.5
A5: STATUS BREAKDOWN
A6: Not Started | B6: =COUNTIFS(TopicStatus,"Not Started",TopicInclude,"Yes") -> 85
A7: Learning | B7: =COUNTIFS(TopicStatus,"Learning",TopicInclude,"Yes") -> 0
A8: Practicing | B8: =COUNTIFS(TopicStatus,"Practicing",TopicInclude,"Yes") -> 0
A9: Improving | B9: =COUNTIFS(TopicStatus,"Improving",TopicInclude,"Yes") -> 0
A10: Strong | B10: =COUNTIFS(TopicStatus,"Strong",TopicInclude,"Yes") -> 0
A11: Exam Ready | B11: =COUNTIFS(TopicStatus,"Exam Ready",TopicInclude,"Yes") -> 0
A12: Skipped | B12: =COUNTIFS(TopicStatus,"Skipped",TopicInclude,"Yes") -> 0
A14: TOP 5 TOPICS | B14: Topic | C14: Score | D14: Section
A15: 1 | B15: =INDEX(TopicName,MATCH(LARGE(PriorityKey,1),PriorityKey,0)) -> 6.4 Waveform Analysis | C15: =INDEX(TopicPriority,MATCH(LARGE(PriorityKey,1),PriorityKey,0)) -> 7.35 | D15: =INDEX(TopicSection,MATCH(LARGE(PriorityKey,1),PriorityKey,0)) -> Circuit Analysis
A16: 2 | B16: =INDEX(TopicName,MATCH(LARGE(PriorityKey,2),PriorityKey,0)) -> 6.6 Impedance | C16: =INDEX(TopicPriority,MATCH(LARGE(PriorityKey,2),PriorityKey,0)) -> 7.3 | D16: =INDEX(TopicSection,MATCH(LARGE(PriorityKey,2),PriorityKey,0)) -> Circuit Analysis
A17: 3 | B17: =INDEX(TopicName,MATCH(LARGE(PriorityKey,3),PriorityKey,0)) -> 6.5 Phasors | C17: =INDEX(TopicPriority,MATCH(LARGE(PriorityKey,3),PriorityKey,0)) -> 7.3 | D17: =INDEX(TopicSection,MATCH(LARGE(PriorityKey,3),PriorityKey,0)) -> Circuit Analysis
A18: 4 | B18: =INDEX(TopicName,MATCH(LARGE(PriorityKey,4),PriorityKey,0)) -> 6.3 Thevenin and Norton Theorems | C18: =INDEX(TopicPriority,MATCH(LARGE(PriorityKey,4),PriorityKey,0)) -> 7.3 | D18: =INDEX(TopicSection,MATCH(LARGE(PriorityKey,4),PriorityKey,0)) -> Circuit Analysis
A19: 5 | B19: =INDEX(TopicName,MATCH(LARGE(PriorityKey,5),PriorityKey,0)) -> 6.2 Series and Parallel Equivalent Circuits | C19: =INDEX(TopicPriority,MATCH(LARGE(PriorityKey,5),PriorityKey,0)) -> 7.3 | D19: =INDEX(TopicSection,MATCH(LARGE(PriorityKey,5),PriorityKey,0)) -> Circuit Analysis
A21: AGGREGATES
A22: Total Topics Included | B22: =COUNTIF(TopicInclude,"Yes") -> 85
A23: High Priority Remaining | B23: =SUMPRODUCT((TopicPriority>=5)*(TopicInclude="Yes")*(TopicCompleted<TopicHours)*(TopicStatus<>"Exam Ready")) -> 37
A24: Total Planned Hours | B24: =SUMIFS(TopicHours,TopicInclude,"Yes") -> 150.5
A25: Total Completed Hours | B25: =SUMIFS(TopicCompleted,TopicInclude,"Yes") -> 0
A26: Remaining Suggested Hours | B26: =MAX(B24-B25,0) -> 150.5
A27: Overall Progress % | B27: =IFERROR(B25/B24,0) -> 0
A28: Readiness Score % | B28: =IFERROR(SUMPRODUCT(TopicPriority,TopicCompleted)/SUMPRODUCT(TopicPriority,TopicHours),0) -> 0
A30: TIER PROGRESS
A31: Tier | B31: Done | C31: Remaining
A32: Tier 1 | B32: =SUMIFS(TopicCompleted,TopicTier,1,TopicInclude,"Yes") -> 0 | C32: =MAX(SUMIFS(TopicHours,TopicTier,1,TopicInclude,"Yes")-SUMIFS(TopicCompleted,TopicTier,1,TopicInclude,"Yes"),0) -> 87.5
A33: Tier 2 | B33: =SUMIFS(TopicCompleted,TopicTier,2,TopicInclude,"Yes") -> 0 | C33: =MAX(SUMIFS(TopicHours,TopicTier,2,TopicInclude,"Yes")-SUMIFS(TopicCompleted,TopicTier,2,TopicInclude,"Yes"),0) -> 51
A34: Tier 3 | B34: =SUMIFS(TopicCompleted,TopicTier,3,TopicInclude,"Yes") -> 0 | C34: =MAX(SUMIFS(TopicHours,TopicTier,3,TopicInclude,"Yes")-SUMIFS(TopicCompleted,TopicTier,3,TopicInclude,"Yes"),0) -> 12
A36: WEEKLY HOURS
A37: Category | B37: Hours
A38: Available | B38: =ROUND(SUM(_PlanEngine!E2:E8)/60,1) -> 3.8
A39: Planned | B39: =ROUND(SUM(_PlanEngine!N2:N8)/60,1) -> 3.8

Sheet _PlanEngine
A1: DayIdx | B1: Date | C1: DayName | D1: Mode | E1: AvailMins | F1: Energy | G1: NormalRank | H1: LowEnergyRank | I1: FamilyRank | J1: TopicIdx | K1: TopicName | L1: TopicSection | M1: TopicTier | N1: SuggestedMins | O1: AutoTask | P1: TooMuch | Q1: TooLittle
A2: 1 | B2: =TODAY()-WEEKDAY(TODAY(),1)+1 -> 46159 | C2: =INDEX(DayNames,1) -> Sunday | D2: =INDEX(DailyMode,1) -> Normal | E2: =INDEX(DailyMins,1) -> 30 | F2: =INDEX(DailyEnergy,1) -> 2 | G2: =IF(D2="Normal",COUNTIF($D$2:D2,"Normal"),0) -> 1 | H2: =IF(D2="Low Energy",COUNTIF($D$2:D2,"Low Energy"),0) -> 0 | I2: =IF(D2="Family",COUNTIF($D$2:D2,"Family"),0) -> 0 | J2: =IF(D2="Rest",0,IF(D2="Low Energy",0,IF(D2="Family",IFERROR(MATCH(LARGE(FamilyKey,I2),FamilyKey,0),0),IFERROR(MATCH(LARGE(PriorityKey,G2),PriorityKey,0),0)))) -> 23 | K2: =IF(J2=0,"",INDEX(TopicName,J2)) -> 6.4 Waveform Analysis | L2: =IF(J2=0,"",INDEX(TopicSection,J2)) -> Circuit Analysis | M2: =IF(J2=0,"",INDEX(TopicTier,J2)) -> 1 | N2: =IF(D2="Rest",0,IF(E2<=0,0,IF(D2="Low Energy",MIN(20,MAX(10,E2)),IF(D2="Family",MIN(45,MAX(20,E2)),MIN(45,MAX(25,E2)))))) -> 30 | O2: =IF(D2="Rest","Rest. No study required.",IF(D2="Low Energy",INDEX(LowEnergyTasks,MOD(H2-1,6)+1),IF(K2="","No included topics. Update Topic Planner.",IF(D2="Family","Light review of "&K2&". No heavy problem solving.",INDEX(NormalTaskTemplates,MOD(G2-1,3)+1)&" Topic: "&K2)))) -> Study the core concept, then solve 2-4 examples. Topic: 6.4 Waveform Analysis | P2: =IF(N2>E2,1,0) -> 0 | Q2: =IF(AND(D2="Normal",E2<25,E2>0),1,0) -> 0
A3: 2 | B3: =B2+1 -> 46160 | C3: =INDEX(DayNames,2) -> Monday | D3: =INDEX(DailyMode,2) -> Normal | E3: =INDEX(DailyMins,2) -> 35 | F3: =INDEX(DailyEnergy,2) -> 3 | G3: =IF(D3="Normal",COUNTIF($D$2:D3,"Normal"),0) -> 2 | H3: =IF(D3="Low Energy",COUNTIF($D$2:D3,"Low Energy"),0) -> 0 | I3: =IF(D3="Family",COUNTIF($D$2:D3,"Family"),0) -> 0 | J3: =IF(D3="Rest",0,IF(D3="Low Energy",0,IF(D3="Family",IFERROR(MATCH(LARGE(FamilyKey,I3),FamilyKey,0),0),IFERROR(MATCH(LARGE(PriorityKey,G3),PriorityKey,0),0)))) -> 25 | K3: =IF(J3=0,"",INDEX(TopicName,J3)) -> 6.6 Impedance | L3: =IF(J3=0,"",INDEX(TopicSection,J3)) -> Circuit Analysis | M3: =IF(J3=0,"",INDEX(TopicTier,J3)) -> 1 | N3: =IF(D3="Rest",0,IF(E3<=0,0,IF(D3="Low Energy",MIN(20,MAX(10,E3)),IF(D3="Family",MIN(45,MAX(20,E3)),MIN(45,MAX(25,E3)))))) -> 35 | O3: =IF(D3="Rest","Rest. No study required.",IF(D3="Low Energy",INDEX(LowEnergyTasks,MOD(H3-1,6)+1),IF(K3="","No included topics. Update Topic Planner.",IF(D3="Family","Light review of "&K3&". No heavy problem solving.",INDEX(NormalTaskTemplates,MOD(G3-1,3)+1)&" Topic: "&K3)))) -> Review formulas, then practice short FE-style problems. Topic: 6.6 Impedance | P3: =IF(N3>E3,1,0) -> 0 | Q3: =IF(AND(D3="Normal",E3<25,E3>0),1,0) -> 0
A4: 3 | B4: =B3+1 -> 46161 | C4: =INDEX(DayNames,3) -> Tuesday | D4: =INDEX(DailyMode,3) -> Normal | E4: =INDEX(DailyMins,3) -> 30 | F4: =INDEX(DailyEnergy,3) -> 2 | G4: =IF(D4="Normal",COUNTIF($D$2:D4,"Normal"),0) -> 3 | H4: =IF(D4="Low Energy",COUNTIF($D$2:D4,"Low Energy"),0) -> 0 | I4: =IF(D4="Family",COUNTIF($D$2:D4,"Family"),0) -> 0 | J4: =IF(D4="Rest",0,IF(D4="Low Energy",0,IF(D4="Family",IFERROR(MATCH(LARGE(FamilyKey,I4),FamilyKey,0),0),IFERROR(MATCH(LARGE(PriorityKey,G4),PriorityKey,0),0)))) -> 24 | K4: =IF(J4=0,"",INDEX(TopicName,J4)) -> 6.5 Phasors | L4: =IF(J4=0,"",INDEX(TopicSection,J4)) -> Circuit Analysis | M4: =IF(J4=0,"",INDEX(TopicTier,J4)) -> 1 | N4: =IF(D4="Rest",0,IF(E4<=0,0,IF(D4="Low Energy",MIN(20,MAX(10,E4)),IF(D4="Family",MIN(45,MAX(20,E4)),MIN(45,MAX(25,E4)))))) -> 30 | O4: =IF(D4="Rest","Rest. No study required.",IF(D4="Low Energy",INDEX(LowEnergyTasks,MOD(H4-1,6)+1),IF(K4="","No included topics. Update Topic Planner.",IF(D4="Family","Light review of "&K4&". No heavy problem solving.",INDEX(NormalTaskTemplates,MOD(G4-1,3)+1)&" Topic: "&K4)))) -> Focus on common mistakes and update confidence. Topic: 6.5 Phasors | P4: =IF(N4>E4,1,0) -> 0 | Q4: =IF(AND(D4="Normal",E4<25,E4>0),1,0) -> 0
A5: 4 | B5: =B4+1 -> 46162 | C5: =INDEX(DayNames,4) -> Wednesday | D5: =INDEX(DailyMode,4) -> Normal | E5: =INDEX(DailyMins,4) -> 35 | F5: =INDEX(DailyEnergy,4) -> 3 | G5: =IF(D5="Normal",COUNTIF($D$2:D5,"Normal"),0) -> 4 | H5: =IF(D5="Low Energy",COUNTIF($D$2:D5,"Low Energy"),0) -> 0 | I5: =IF(D5="Family",COUNTIF($D$2:D5,"Family"),0) -> 0 | J5: =IF(D5="Rest",0,IF(D5="Low Energy",0,IF(D5="Family",IFERROR(MATCH(LARGE(FamilyKey,I5),FamilyKey,0),0),IFERROR(MATCH(LARGE(PriorityKey,G5),PriorityKey,0),0)))) -> 22 | K5: =IF(J5=0,"",INDEX(TopicName,J5)) -> 6.3 Thevenin and Norton Theorems | L5: =IF(J5=0,"",INDEX(TopicSection,J5)) -> Circuit Analysis | M5: =IF(J5=0,"",INDEX(TopicTier,J5)) -> 1 | N5: =IF(D5="Rest",0,IF(E5<=0,0,IF(D5="Low Energy",MIN(20,MAX(10,E5)),IF(D5="Family",MIN(45,MAX(20,E5)),MIN(45,MAX(25,E5)))))) -> 35 | O5: =IF(D5="Rest","Rest. No study required.",IF(D5="Low Energy",INDEX(LowEnergyTasks,MOD(H5-1,6)+1),IF(K5="","No included topics. Update Topic Planner.",IF(D5="Family","Light review of "&K5&". No heavy problem solving.",INDEX(NormalTaskTemplates,MOD(G5-1,3)+1)&" Topic: "&K5)))) -> Study the core concept, then solve 2-4 examples. Topic: 6.3 Thevenin and Norton Theorems | P5: =IF(N5>E5,1,0) -> 0 | Q5: =IF(AND(D5="Normal",E5<25,E5>0),1,0) -> 0
A6: 5 | B6: =B5+1 -> 46163 | C6: =INDEX(DayNames,5) -> Thursday | D6: =INDEX(DailyMode,5) -> Low Energy | E6: =INDEX(DailyMins,5) -> 25 | F6: =INDEX(DailyEnergy,5) -> 2 | G6: =IF(D6="Normal",COUNTIF($D$2:D6,"Normal"),0) -> 0 | H6: =IF(D6="Low Energy",COUNTIF($D$2:D6,"Low Energy"),0) -> 1 | I6: =IF(D6="Family",COUNTIF($D$2:D6,"Family"),0) -> 0 | J6: =IF(D6="Rest",0,IF(D6="Low Energy",0,IF(D6="Family",IFERROR(MATCH(LARGE(FamilyKey,I6),FamilyKey,0),0),IFERROR(MATCH(LARGE(PriorityKey,G6),PriorityKey,0),0)))) -> 0 | K6: =IF(J6=0,"",INDEX(TopicName,J6)) | L6: =IF(J6=0,"",INDEX(TopicSection,J6)) | M6: =IF(J6=0,"",INDEX(TopicTier,J6)) | N6: =IF(D6="Rest",0,IF(E6<=0,0,IF(D6="Low Energy",MIN(20,MAX(10,E6)),IF(D6="Family",MIN(45,MAX(20,E6)),MIN(45,MAX(25,E6)))))) -> 20 | O6: =IF(D6="Rest","Rest. No study required.",IF(D6="Low Energy",INDEX(LowEnergyTasks,MOD(H6-1,6)+1),IF(K6="","No included topics. Update Topic Planner.",IF(D6="Family","Light review of "&K6&". No heavy problem solving.",INDEX(NormalTaskTemplates,MOD(G6-1,3)+1)&" Topic: "&K6)))) -> FE Handbook formula lookup - 10-15 min | P6: =IF(N6>E6,1,0) -> 0 | Q6: =IF(AND(D6="Normal",E6<25,E6>0),1,0) -> 0
A7: 6 | B7: =B6+1 -> 46164 | C7: =INDEX(DayNames,6) -> Friday | D7: =INDEX(DailyMode,6) -> Family | E7: =INDEX(DailyMins,6) -> 30 | F7: =INDEX(DailyEnergy,6) -> 3 | G7: =IF(D7="Normal",COUNTIF($D$2:D7,"Normal"),0) -> 0 | H7: =IF(D7="Low Energy",COUNTIF($D$2:D7,"Low Energy"),0) -> 0 | I7: =IF(D7="Family",COUNTIF($D$2:D7,"Family"),0) -> 1 | J7: =IF(D7="Rest",0,IF(D7="Low Energy",0,IF(D7="Family",IFERROR(MATCH(LARGE(FamilyKey,I7),FamilyKey,0),0),IFERROR(MATCH(LARGE(PriorityKey,G7),PriorityKey,0),0)))) -> 58 | K7: =IF(J7=0,"",INDEX(TopicName,J7)) -> 13.1 Communication Theory | L7: =IF(J7=0,"",INDEX(TopicSection,J7)) -> Communications | M7: =IF(J7=0,"",INDEX(TopicTier,J7)) -> 2 | N7: =IF(D7="Rest",0,IF(E7<=0,0,IF(D7="Low Energy",MIN(20,MAX(10,E7)),IF(D7="Family",MIN(45,MAX(20,E7)),MIN(45,MAX(25,E7)))))) -> 30 | O7: =IF(D7="Rest","Rest. No study required.",IF(D7="Low Energy",INDEX(LowEnergyTasks,MOD(H7-1,6)+1),IF(K7="","No included topics. Update Topic Planner.",IF(D7="Family","Light review of "&K7&". No heavy problem solving.",INDEX(NormalTaskTemplates,MOD(G7-1,3)+1)&" Topic: "&K7)))) -> Light review of 13.1 Communication Theory. No heavy problem solving. | P7: =IF(N7>E7,1,0) -> 0 | Q7: =IF(AND(D7="Normal",E7<25,E7>0),1,0) -> 0
A8: 7 | B8: =B7+1 -> 46165 | C8: =INDEX(DayNames,7) -> Saturday | D8: =INDEX(DailyMode,7) -> Family | E8: =INDEX(DailyMins,7) -> 45 | F8: =INDEX(DailyEnergy,7) -> 4 | G8: =IF(D8="Normal",COUNTIF($D$2:D8,"Normal"),0) -> 0 | H8: =IF(D8="Low Energy",COUNTIF($D$2:D8,"Low Energy"),0) -> 0 | I8: =IF(D8="Family",COUNTIF($D$2:D8,"Family"),0) -> 2 | J8: =IF(D8="Rest",0,IF(D8="Low Energy",0,IF(D8="Family",IFERROR(MATCH(LARGE(FamilyKey,I8),FamilyKey,0),0),IFERROR(MATCH(LARGE(PriorityKey,G8),PriorityKey,0),0)))) -> 30 | K8: =IF(J8=0,"",INDEX(TopicName,J8)) -> 8.1 Sampling | L8: =IF(J8=0,"",INDEX(TopicSection,J8)) -> Signal Processing | M8: =IF(J8=0,"",INDEX(TopicTier,J8)) -> 2 | N8: =IF(D8="Rest",0,IF(E8<=0,0,IF(D8="Low Energy",MIN(20,MAX(10,E8)),IF(D8="Family",MIN(45,MAX(20,E8)),MIN(45,MAX(25,E8)))))) -> 45 | O8: =IF(D8="Rest","Rest. No study required.",IF(D8="Low Energy",INDEX(LowEnergyTasks,MOD(H8-1,6)+1),IF(K8="","No included topics. Update Topic Planner.",IF(D8="Family","Light review of "&K8&". No heavy problem solving.",INDEX(NormalTaskTemplates,MOD(G8-1,3)+1)&" Topic: "&K8)))) -> Light review of 8.1 Sampling. No heavy problem solving. | P8: =IF(N8>E8,1,0) -> 0 | Q8: =IF(AND(D8="Normal",E8<25,E8>0),1,0) -> 0
